Model,Accuracy,Precision,Recall,F1-Score
Employee Attrition,0.7622377622377622,0.7624092679472427,0.7622377622377622,0.761723125359489
